series	5-899	2
series	9-1947	2
series	16-751	2
series	2-1813	2
series	11-1805	2
series	14-313	0
series	1-544	2
series	16-763	2
series	8-1727	2
series	9-234	0
economic theories and models	13-492	2
economic theories and models	4-16	2
economic theories and models	13-1154	2
economic theories and models	7-374	2
economic theories and models	3-484	2
economic theories and models	1-1944	2
economic theories and models	1-630	1
economic theories and models	1-881	1
economic theories and models	2-1032	2
economic theories and models	4-168	1
trying to find more information on lucas numbers or formulas or something about sequences	11-1859	1
trying to find more information on lucas numbers or formulas or something about sequences	4-508	2
trying to find more information on lucas numbers or formulas or something about sequences	3-616	2
trying to find more information on lucas numbers or formulas or something about sequences	12-1877	0
trying to find more information on lucas numbers or formulas or something about sequences	8-1848	2
trying to find more information on lucas numbers or formulas or something about sequences	2-406	1
trying to find more information on lucas numbers or formulas or something about sequences	14-155	1
trying to find more information on lucas numbers or formulas or something about sequences	10-313	1
trying to find more information on lucas numbers or formulas or something about sequences	2-518	1
trying to find more information on lucas numbers or formulas or something about sequences	4-1520	2
quantum computing algorithms	3-56	1
quantum computing algorithms	3-1992	2
quantum computing algorithms	1-866	2
quantum computing algorithms	13-1883	0
quantum computing algorithms	7-685	2
quantum computing algorithms	1-105	2
quantum computing algorithms	13-1733	2
quantum computing algorithms	16-1313	2
quantum computing algorithms	8-19	2
quantum computing algorithms	2-745	0
what is the hot chocolate effect	9-969	2
what is the hot chocolate effect	16-691	1
what is the hot chocolate effect	16-1170	0
what is the hot chocolate effect	1-1015	0
what is the hot chocolate effect	16-1128	0
what is the hot chocolate effect	3-597	0
what is the hot chocolate effect	8-1361	0
what is the hot chocolate effect	2-247	0
what is the hot chocolate effect	1-1982	0
what is the hot chocolate effect	5-831	0
chomsky	1-1809	2
chomsky	1-252	2
chomsky	5-1877	1
chomsky	1-1460	2
chomsky	16-1494	2
chomsky	1-194	1
chomsky	1-1724	1
chomsky	13-480	0
chomsky	1-212	2
chomsky	1-1723	0
what is hashing	6-1595	2
what is hashing	15-286	2
what is hashing	8-1864	2
what is hashing	16-1144	1
what is hashing	13-1454	2
what is hashing	14-1596	0
what is hashing	13-1440	2
what is hashing	1-571	2
what is hashing	1-1736	0
what is hashing	6-647	2
construction of an irreducible markov chain in ising model	16-1870	2
construction of an irreducible markov chain in ising model	2-1892	0
construction of an irreducible markov chain in ising model	5-309	0
construction of an irreducible markov chain in ising model	4-1740	0
construction of an irreducible markov chain in ising model	15-564	0
construction of an irreducible markov chain in ising model	6-1789	0
construction of an irreducible markov chain in ising model	1-1882	0
construction of an irreducible markov chain in ising model	9-1165	0
construction of an irreducible markov chain in ising model	7-865	0
construction of an irreducible markov chain in ising model	5-1903	0
a negative potential energy indicates a bound state due to an attractive force	3-792	2
a negative potential energy indicates a bound state due to an attractive force	9-756	0
a negative potential energy indicates a bound state due to an attractive force	5-1892	0
a negative potential energy indicates a bound state due to an attractive force	12-1442	0
a negative potential energy indicates a bound state due to an attractive force	7-539	0
a negative potential energy indicates a bound state due to an attractive force	16-302	0
a negative potential energy indicates a bound state due to an attractive force	1-119	0
a negative potential energy indicates a bound state due to an attractive force	4-783	0
a negative potential energy indicates a bound state due to an attractive force	16-296	0
a negative potential energy indicates a bound state due to an attractive force	1-1192	0
how does an rbm differ from a normal ann	14-1264	2
how does an rbm differ from a normal ann	14-1591	2
how does an rbm differ from a normal ann	3-1894	0
how does an rbm differ from a normal ann	15-1918	0
how does an rbm differ from a normal ann	15-1563	1
how does an rbm differ from a normal ann	1-711	1
how does an rbm differ from a normal ann	16-1850	1
how does an rbm differ from a normal ann	16-1126	0
how does an rbm differ from a normal ann	8-1202	0
how does an rbm differ from a normal ann	14-1970	0
scattering amplitude	4-1441	2
scattering amplitude	6-262	2
scattering amplitude	5-1773	2
scattering amplitude	6-854	2
scattering amplitude	9-1420	2
scattering amplitude	13-1941	2
scattering amplitude	5-22	2
scattering amplitude	12-599	1
scattering amplitude	3-1961	0
scattering amplitude	16-1229	2
theorems for complete graphs	5-634	1
theorems for complete graphs	5-1180	1
theorems for complete graphs	16-1093	2
theorems for complete graphs	15-385	1
theorems for complete graphs	3-1481	1
theorems for complete graphs	10-314	1
theorems for complete graphs	6-940	0
theorems for complete graphs	9-1194	2
theorems for complete graphs	12-780	2
theorems for complete graphs	9-1995	0
rsa how is λ used	14-688	1
rsa how is λ used	5-986	1
rsa how is λ used	3-1416	0
rsa how is λ used	14-689	2
rsa how is λ used	1-880	2
rsa how is λ used	6-775	1
rsa how is λ used	4-1919	0
rsa how is λ used	13-817	1
rsa how is λ used	1-356	1
rsa how is λ used	3-911	0
test if a number is prime	2-769	2
test if a number is prime	2-498	2
test if a number is prime	4-1364	2
test if a number is prime	2-817	2
test if a number is prime	2-518	2
test if a number is prime	13-1489	2
test if a number is prime	7-129	2
test if a number is prime	4-1668	2
test if a number is prime	7-69	2
test if a number is prime	3-673	2
when was python created	14-584	0
when was python created	2-1620	1
when was python created	4-1502	0
when was python created	2-701	0
when was python created	7-1000	0
when was python created	5-1855	0
when was python created	14-1617	0
when was python created	5-12	1
when was python created	12-637	0
when was python created	8-1276	0
nash equilibrium	5-707	1
nash equilibrium	13-160	1
nash equilibrium	2-1568	0
nash equilibrium	1-1018	0
nash equilibrium	3-1120	0
nash equilibrium	1-1471	2
nash equilibrium	1-150	0
nash equilibrium	2-832	0
nash equilibrium	13-1770	0
nash equilibrium	2-1201	1
chebyshev distance	1-1628	1
chebyshev distance	8-599	1
chebyshev distance	5-782	2
chebyshev distance	12-140	0
chebyshev distance	14-1834	1
chebyshev distance	1-275	0
chebyshev distance	1-1204	1
chebyshev distance	3-1115	0
chebyshev distance	16-411	0
chebyshev distance	1-22	0
how do you calculate mel frequency cepstral coefficient	1-1515	2
how do you calculate mel frequency cepstral coefficient	3-1416	0
how do you calculate mel frequency cepstral coefficient	1-1681	0
how do you calculate mel frequency cepstral coefficient	1-598	0
how do you calculate mel frequency cepstral coefficient	8-231	0
how do you calculate mel frequency cepstral coefficient	1-671	0
how do you calculate mel frequency cepstral coefficient	1-1943	1
how do you calculate mel frequency cepstral coefficient	7-1996	0
how do you calculate mel frequency cepstral coefficient	2-1660	0
how do you calculate mel frequency cepstral coefficient	4-235	0
eigenvalue of a mobius strip	7-1768	0
eigenvalue of a mobius strip	1-696	1
eigenvalue of a mobius strip	13-1230	0
eigenvalue of a mobius strip	5-976	1
eigenvalue of a mobius strip	1-1085	2
eigenvalue of a mobius strip	11-1806	0
eigenvalue of a mobius strip	12-730	0
eigenvalue of a mobius strip	4-1162	0
eigenvalue of a mobius strip	1-1681	1
eigenvalue of a mobius strip	6-1508	0
derivative of sin	10-169	2
derivative of sin	2-373	2
derivative of sin	2-876	0
derivative of sin	14-173	0
derivative of sin	13-674	0
derivative of sin	1-180	1
derivative of sin	1-1029	2
derivative of sin	1-254	0
derivative of sin	7-1140	0
derivative of sin	4-594	0
what is integration	2-87	0
what is integration	5-874	0
what is integration	4-15	0
what is integration	14-8	0
what is integration	6-749	0
what is integration	14-607	0
what is integration	8-1258	0
what is integration	3-67	0
what is integration	10-722	0
what is integration	4-890	0
value of e	6-1950	0
value of e	13-304	0
value of e	12-50	0
value of e	10-1326	0
value of e	1-689	0
value of e	8-196	0
value of e	12-1090	0
value of e	12-1193	0
value of e	13-474	0
value of e	2-1613	0
how do logarithms work	2-1834	0
how do logarithms work	2-783	0
how do logarithms work	4-339	0
how do logarithms work	9-328	0
how do logarithms work	13-158	0
how do logarithms work	2-11	1
how do logarithms work	8-1652	0
how do logarithms work	13-1545	0
how do logarithms work	11-1393	0
how do logarithms work	14-129	1
factors of x^2 - 4	5-1738	1
factors of x^2 - 4	7-1653	0
factors of x^2 - 4	14-307	0
factors of x^2 - 4	4-1080	0
factors of x^2 - 4	1-1017	0
factors of x^2 - 4	12-790	0
factors of x^2 - 4	2-603	0
factors of x^2 - 4	4-591	0
factors of x^2 - 4	4-1478	0
factors of x^2 - 4	12-908	0
rubik cube	4-469	0
rubik cube	3-1847	1
rubik cube	4-385	0
rubik cube	3-316	2
rubik cube	12-790	1
rubik cube	4-1478	1
rubik cube	4-1194	1
rubik cube	1-832	0
rubik cube	2-1832	1
rubik cube	16-1294	1
calculating the volume of 3d solids	5-1184	0
calculating the volume of 3d solids	1-1087	2
calculating the volume of 3d solids	5-1646	0
calculating the volume of 3d solids	3-808	0
calculating the volume of 3d solids	16-1082	0
calculating the volume of 3d solids	16-1081	0
calculating the volume of 3d solids	8-1740	0
calculating the volume of 3d solids	12-79	0
calculating the volume of 3d solids	14-1883	0
calculating the volume of 3d solids	1-1869	0
when to use radians vs degrees	8-632	0
when to use radians vs degrees	2-1641	0
when to use radians vs degrees	5-1244	0
when to use radians vs degrees	7-1557	0
when to use radians vs degrees	7-1555	0
when to use radians vs degrees	7-1556	1
when to use radians vs degrees	9-1869	0
when to use radians vs degrees	2-658	0
when to use radians vs degrees	4-1949	1
when to use radians vs degrees	2-659	0
how to write formulas using latex	8-1007	2
how to write formulas using latex	1-612	2
how to write formulas using latex	16-514	0
how to write formulas using latex	1-255	0
how to write formulas using latex	1-1232	0
how to write formulas using latex	1-1354	0
how to write formulas using latex	8-1416	0
how to write formulas using latex	16-755	0
how to write formulas using latex	3-49	0
how to write formulas using latex	2-1753	0
group theory	1-1376	2
group theory	11-1996	2
group theory	5-1578	2
group theory	1-834	2
group theory	16-1491	1
group theory	12-1977	2
group theory	16-836	2
group theory	4-1435	2
group theory	16-741	2
group theory	2-1411	2
what are some functions that rely on idempotency to work	13-1326	1
what are some functions that rely on idempotency to work	15-1302	0
what are some functions that rely on idempotency to work	6-1886	0
what are some functions that rely on idempotency to work	3-1300	0
what are some functions that rely on idempotency to work	1-92	0
what are some functions that rely on idempotency to work	13-1570	0
what are some functions that rely on idempotency to work	1-93	0
what are some functions that rely on idempotency to work	16-1706	0
what are some functions that rely on idempotency to work	12-866	2
what are some functions that rely on idempotency to work	7-1099	0
